{"current":{"type_body_font":"lato_n4","type_header_font":"lato_n4","favicon_enable":true,"img_size_product":"700x933","img_size_grid":"1200x1600","product_new_time":"1","product_grid_img_carousel":false,"fixed_search_bar_enable":false,"color_skin":"#e69b40","color_top_header":"#ffffff","color_top_header_label":"#7d8184","color_bottom_header":"#000000","color_bottom_header_label":"#ffffff","color_center_header":"#ffffff","color_menu_links":"#0d0d0d","color_footer":"#ffffff","color_footer_heading":"#0d0d0d","color_footer_links":"#7d8184","color_social_links":"#7d8184","color_footer_text":"#7d8184","color_countdown":"transparent","color_countdown_text":"#555555","product_count_per_page":"6","show_collection_top_image":true,"show_collection_sidebar":true,"category_count":"5","collection_sidebar_filters":"tags","cart_notes_enable":true,"show_cart_top_image":true,"ajax_cart_method":"page","show_blog_top_image":true,"no_articles":"2","show_blog_side_listing":true,"blog_side_listing_title":"Featured Products","blog_side_listing":"","shipping_calculator":"Enabled","shipping_calculator_heading":"Get shipping estimates","shipping_calculator_default_country":"United States","shipping_calculator_submit_button_label":"Calculate shipping","shipping_calculator_submit_button_label_disabled":"Calculating...","show_pupup":false,"popup_title":"newsletter","show_pupup_image":true,"popup_heading":"SUBSCRIBE TO OUR NEWSLETTER","popup_description":"Enter your email address to receive all news, updates on new arrivals, special offers and other discount information.","popup_btn_text":"Subscribe","popup_no_link_text":"Don’t show","social_sidebar_enable":true,"social_twitter_link":"https:\/\/twitter.com\/shopify","social_facebook_link":"https:\/\/facebook.com\/shopify","social_pinterest_link":"https:\/\/pinterest.com\/shopify","social_google_plus_link":"https:\/\/plus.google.com\/+shopify","social_instagram_link":"https:\/\/instagram.com\/shopify","social_tumblr_link":"","social_youtube_link":"","social_vimeo_link":"","social_fancy_link":"","show_dollar_symbol":false,"superscript_decimals":true,"show_multiple_currencies":true,"currency_format":"money_format","supported_currencies":"USD EUR GBP PKR CAD JPY","default_currency":"USD","checkout_header_image":"","checkout_logo_image":"","checkout_logo_position":"left","checkout_logo_size":"medium","checkout_body_background_image":"","checkout_body_background_color":"#ffffff","checkout_input_background_color_mode":"white","checkout_sidebar_background_image":"","checkout_sidebar_background_color":"#fafafa","checkout_heading_font":"Helvetica Neue","checkout_body_font":"Helvetica Neue","checkout_accent_color":"#1990c6","checkout_button_color":"#1990c6","checkout_error_color":"#ff6d6d","type_base_family":"Google_Montserrat_400,400i,500,500i,700,700i,900,900i_sans","type_header_family":"Google_Lato_300,400,700,900_sans","type_accent_family":"Google_Lato_300,400,700,800_sans","show_collection_side_image":true,"collection_side_link":"#","show_collection_side_listing":true,"collection_side_listing_title":"Random Products","collection_side_listing":"bestsellers","show_about_top_image":true,"show_contact_top_image":true,"show_map":true,"map_code":"<iframe src=\"https:\/\/www.google.com\/maps\/embed?pb=!1m18!1m12!1m3!1d2950.6822073234102!2d-83.71685604946924!3d42.30664594636449!2m3!1f0!2f0!3f0!3m2!1i1024!2i768!4f13.1!3m3!1m2!1s0x883cac2c20114b69%3A0x96fe590afa21efb6!2s2300+Traverwood+Dr%2C+Ann+Arbor%2C+MI+48105!5e0!3m2!1sen!2s!4v1461260551915\" width=\"100%\" height=\"503\" frameborder=\"0\" style=\"border:0\" allowfullscreen=\"\"><\/iframe>","show_third_tab":true,"third_tab_title":"Additional Information","third_tab_text":"<p>You can use this tab for adding shipping details, return policies and information or measurements etc. <\/p>\n<p>\nLorem ipsum dolor sit amet, consectetuer adipiscing elit, sed diam nonummy nibh euismod tincidunt ut laoreet dolore magna aliquam erat volutpat. Ut wisi enim ad minim veniam, quis nostrud exerci tation ullamcorper suscipit lobortis nisl ut aliquip ex ea commodo consequat. Duis autem vel eum iriure dolor in hendrerit in vulputate velit esse molestie consequat, vel illum dolore eu feugiat nulla facilisis at vero eros et accumsan et iusto odio dignissim qui blandit praesent luptatum zzril delenit augue duis dolore te feugait nulla facilisi. Nam liber tempor cum soluta nobis eleifend option congue nihil imperdiet doming id quod mazim placerat facer possim assum. Typi<\/p>","product_vertical_related":false,"product_quantity_enable":true,"product_quantity_message":true,"product_vendor_enable":true,"product_show_saved_amount":true,"product_show_compare_at_price":true,"related_products_enable":true,"product_reviews_enable":true,"product_sticky_layout":false,"product_vertical_thumbs":false,"product_enable_zoom":true,"color_skin_2":"#ed1616","bg_color":"#ffffff","color_top_header_border":"#ed1616","color_menu_bg":"#ed1616","social_follow_bar":true,"social_sharing_products":true,"social_sharing_blog":true,"social_sharing_count":true,"social_sharing_style":"is-default","share_facebook":true,"share_twitter":true,"share_pinterest":true,"share_fancy":true,"share_google":true,"type_base_size":"13px","show_banner":true,"sidebar_image_link":"collections\/all","collection_prod_image_sizes":"large","product_reviews_star_color":"#e5c649","footer_legallinks_enable":true,"footer_legallinks_linklist":"","type_navigation_size":"15px","type_navigation_transform":true,"type_button_size":"16px","type_button_transform":false,"logo_max_width":"305","logo_use_image":true,"type_header_transform":true,"color_primary":"#49aa9d","color_secondary":"#dcdcdc","color_accent":"#49aa9d","color_borders":"#ececec","color_header_background":"#ffffff","color_header_text":"#585858","color_header_cart_search":"#f2f2f2","color_nav_bg":"#49aa9d","color_nav_text":"#ffffff","color_body_text":"#585858","color_heading_text":"#333333","color_footer_bg":"#f2f2f2","color_footer_social_link":"#bbbbbb","sections":{"header":{"type":"header","settings":{"header_layout":"header-1","use_top_bar":true,"top_bar_message":"Free shipping for standard order over $100","show_email":false,"show_social_links":true,"header_email_text":"thalia@example.com","logo_use_image":true,"logo":"shopify:\/\/shop_images\/Logo.png","header_menu_1":"main-menu"}},"footer":{"type":"footer","settings":{"footer_layout":"footer-1","footer_content_enable":true,"footer_about_us":"Any questions? Let us know in store at 8th floor, 379 Hudson St, New York, NY 10018 or call us on (+1) 96 716 6879","footer_social_enable":true,"logo_use_image":true,"logo":"shopify:\/\/shop_images\/Logo.png","footer_menu_1":"footer","footer_menu_2":"brand","footer_newsletter_text":"Subscribe your email to get the latest news and new offer also discount","footer_newsletter_enable":true,"mailing_list_form_action":"","heading":"Subscribe","footer_content_text":"Copyright © 2020 All rights reserved."}},"1480267833382":{"type":"slideshow","blocks":{"1480267833382-1":{"type":"image","settings":{"image":"shopify:\/\/shop_images\/StockSnap_Y8O9M1KOT2_1920x570_1666e022-5cc4-4119-b856-173bb5fd0035.png","textbox-alignment":"center","textbox-vertical-alignment":"center","horizontal-offset":0,"vertical-offset":0,"text-alignment":"center","heading":"Women collection 2021","heading_appear":"fadeInDown","subheading":"Summer Collection","subheading_appear":"fadeInUp","slide_link_text":"Shop Now","slide_link":"shopify:\/\/collections","slide_appear":"zoomIn"}},"1591458140141":{"type":"image","settings":{"image":"shopify:\/\/shop_images\/IMG_copy.png","textbox-alignment":"center","textbox-vertical-alignment":"center","horizontal-offset":0,"vertical-offset":0,"text-alignment":"center","heading":"Women collection 2021","heading_appear":"fadeInDown","subheading":"Fashion Women","subheading_appear":"fadeInDown","slide_link_text":"Shop Now","slide_link":"shopify:\/\/collections\/all","slide_appear":"zoomIn"}},"1591458260782":{"type":"image","settings":{"image":"shopify:\/\/shop_images\/Clip_4c0e8e9e-ae61-422c-b0d3-23da8ae1cf85.png","textbox-alignment":"center","textbox-vertical-alignment":"center","horizontal-offset":0,"vertical-offset":0,"text-alignment":"center","heading":"Women collection 2021","heading_appear":"fadeInDown","subheading":"New Arrivals","subheading_appear":"fadeInDown","slide_link_text":"Shop Now","slide_link":"shopify:\/\/collections\/all","slide_appear":"fadeInDown"}}},"block_order":["1480267833382-1","1591458140141","1591458260782"],"settings":{"top-margin":0,"bottom-margin":70,"autoplay":true,"autoplay_speed":"10000","layout_slider":"slider-1"}},"1503231244573":{"type":"ad-banner","blocks":{"1506803308948":{"type":"image","settings":{"image":"shopify:\/\/shop_images\/Layer_144.png","link_text":"Shoes","link_subtext":"","link":"shopify:\/\/collections\/all"}},"1514473881970":{"type":"image","settings":{"image":"shopify:\/\/shop_images\/StockSnap_TDP31WN0WB.png","link_text":"Women","link_subtext":"","link":"#"}},"1514473919786":{"type":"image","settings":{"image":"shopify:\/\/shop_images\/StockSnap_HX0ATMWK9N.png","link_text":"Men","link_subtext":"","link":"#"}},"1514473952044":{"type":"image","settings":{"image":"shopify:\/\/shop_images\/Layer_148.png","link_text":"Bags","link_subtext":"","link":"shopify:\/\/collections\/all"}},"1580581842547":{"type":"image","settings":{"image":"shopify:\/\/shop_images\/Layer_145.png","link_text":"Dress","link_subtext":"","link":"#"}}},"block_order":["1506803308948","1514473881970","1514473919786","1514473952044","1580581842547"],"settings":{"top-margin":0,"bottom-margin":0,"feature_advert_design":"feature-advertthree"}},"1507203403431":{"type":"blog","settings":{"top-margin":0,"bottom-margin":70,"heading":"Our Blog","blog":"news"}},"1514553331574":{"type":"product-deals","blocks":{"1514553331574-0":{"type":"deal","settings":{"product_deal":"satin-pocket-shirt","custom_image":true,"product_color":"#be8445","product_image":"shopify:\/\/shop_images\/Untitled_design_-_2020-05-27T172040.169.png","timer":true,"expiry_deal":""}}},"block_order":["1514553331574-0"],"settings":{"top-margin":0,"bottom-margin":70,"background_color":"#f7f2ee","image":"shopify:\/\/shop_images\/Untitled_design_-_2020-05-27T170336.447.png","heading":"Deal of the week","subheading":"Satin pocket shirt","link_text":"SHOP NOW","link":"shopify:\/\/products\/assymetric-printed-top-1"}},"1580801102810":{"type":"service-box","blocks":{"1580801102810-0":{"type":"box","settings":{"icon":"shopify:\/\/shop_images\/black_loan-16_small_491f6577-6b17-49ca-ba00-56f8e8360fd8.png","feature_service_title":"Free Delivery","feature_service_description":"For all order over 99$"}},"1580801102810-1":{"type":"box","settings":{"icon":"shopify:\/\/shop_images\/black_liquidity-22_small_15566fd2-8b51-4600-89b3-93e7543543f6.png","feature_service_title":"30 Days Return","feature_service_description":"If goods have Problems"}},"1580801108505":{"type":"box","settings":{"icon":"shopify:\/\/shop_images\/black_credit_card_small_35b78b87-1227-4451-8826-2b90856db9ad.png","feature_service_title":"Secure Payment","feature_service_description":"100% secure payment"}},"1580801113098":{"type":"box","settings":{"icon":"shopify:\/\/shop_images\/black_support-14_small_c5fabe9c-dd98-4fd5-b375-6120c7570277.png","feature_service_title":"24\/7 Support","feature_service_description":"Dedicated support"}}},"block_order":["1580801102810-0","1580801102810-1","1580801108505","1580801113098"],"settings":{"top-margin":0,"bottom-margin":70}},"blog":{"type":"blog","settings":{"heading":"LATEST BLOGS","blog":"news"}},"1590521198304":{"type":"collection","settings":{"top-margin":0,"bottom-margin":70,"heading":"Featured Products","collection":"all","products_tab_count":"8"}},"1590601101326":{"type":"collection","settings":{"top-margin":0,"bottom-margin":70,"heading":"Best Seller","collection":"bestsellers","products_tab_count":"8"}},"image-with-text":{"type":"image-with-text","settings":{"showiwt":"show","lr":"left","image01":"shopify:\/\/shop_images\/IMG.png","heading01":"ABOUT US","subheading01":"Over 20 years of experience in fashion-related fields","text01":"Lorem Ipsum has been the industry's standard dummy text ever since the 1500s, when an unknown printer took a galley of type and scrambled it to make a type specimen book. \nIt has survived not only five centuries, but also the leap into electronic typesetting, remaining essentially unchanged. It was popularised in the 1960s with the release of Letraset sheets containing Lorem Ipsum passages, and more recently with desktop publishing software like Aldus PageMaker including versions of Lorem Ipsum.","signature01":"shopify:\/\/shop_images\/singunar.png","article":""}},"video-features":{"type":"video-features","blocks":{"1590692852055":{"type":"feature","settings":{"blockimage":"shopify:\/\/shop_images\/Untitled_design_-_2020-06-06T181056.108.png","blockheading":"Support 24\/7","blocktext":"It has survived not only five centuries, but also the leap into electronic typesetting, remaining essentially unchanged."}},"1590693747066":{"type":"feature","settings":{"blockimage":"shopify:\/\/shop_images\/Untitled_design_-_2020-06-06T181326.522.png","blockheading":"Easy To Return","blocktext":"It has survived not only five centuries, but also the leap into electronic typesetting, remaining essentially unchanged."}},"1590694183730":{"type":"feature","settings":{"blockimage":"shopify:\/\/shop_images\/Untitled_design_-_2020-06-06T181715.950.png","blockheading":"High Quality","blocktext":"It has survived not only five centuries, but also the leap into electronic typesetting, remaining essentially unchanged."}}},"block_order":["1590692852055","1590693747066","1590694183730"],"settings":{"showvwf":"show","background":"#f8f8f8","heading02":"WHY CHOOSE US","lrvideo":"right","video":"https:\/\/www.youtube.com\/watch?v=ScMzIvxBSi4"}},"our-team":{"type":"our-team","blocks":{"1590696230740":{"type":"members","settings":{"memberimage":"shopify:\/\/shop_images\/Background.png","membername":"John Smith","memberjob":"Fashion Design"}},"1590696268739":{"type":"members","settings":{"memberimage":"shopify:\/\/shop_images\/Clisp.png","membername":"Christine Wise","memberjob":"CEO"}},"1590696305618":{"type":"members","settings":{"memberimage":"shopify:\/\/shop_images\/Backgrousnd.png","membername":"Sean Robbins","memberjob":"Menager"}},"1590696384100":{"type":"members","settings":{"memberimage":"shopify:\/\/shop_images\/Clip.png","membername":"Lucy Myers","memberjob":"Delivery"}}},"block_order":["1590696230740","1590696268739","1590696305618","1590696384100"],"settings":{"showot":"show","heading03":"Our Team"}},"top-image-heading":{"type":"top-image-heading","settings":{"show_about_top_image":"hide","top-image":"shopify:\/\/shop_images\/Untitled_design_-_2020-06-12T212251.030.png","top-heading":"WE ARE SHOPI"}},"additional-information":{"type":"additional-information","blocks":{"1590854068062":{"type":"Column","settings":{"heading":"London Showroom","text":"Wembley Park Blvd, Wembley HA9 OFD, London\nshop@athemes.com\n+1-123-456-789"}},"1590854202475":{"type":"Column","settings":{"heading":"Glasgow Showroom","text":"44, 68A E Mews, Birmingham B2 4BF\nshop@athemes.com\n+1-123-456-789"}},"1590854685331":{"type":"Column","settings":{"heading":"Birmingham Showroom","text":"Unit SU 301 Bullring Shopping Centre, Birmingham\nshop@athemes.com\n+1-123-456-789"}}},"block_order":["1590854068062","1590854202475","1590854685331"],"settings":{"information":"show"}},"contact-form":{"type":"contact-form","settings":{"extra":"show","headingextra":"Contact Us","textextra1":"To make requests for further information, contact us via our social media channels.","textextra2":"Weekday: 08:00 am to 18:00 pm\nSaturday: 10:00 am to 16:00 pm\nSunday: Closed"}},"top-image-heading-contact":{"type":"top-image-heading-contact","settings":{"show_about_top_image":"hide","top-image":"shopify:\/\/shop_images\/Untitled_design_-_2020-06-12T212448.852.png","top-heading":"Contact"}},"faq-section-1":{"type":"faq-section-1","blocks":{"1590869681103":{"type":"question-answer","settings":{"question":"How can I track my order?","answer":"Answer"}},"1590870817811":{"type":"question-answer","settings":{"question":"What is Shopi. return\/exchange policy?","answer":"We try to keep returns and exchanges as simple as possible. As long as they meet our criteria, it should be no problem at all to return or exchange them.\nPlease note that our Return\/Exchange policy is different for Sun and Rx eyewear, respectively. Here's what you should know:\nSun (non-RX) Returns\/Exchanges:\n\t•   Returns must be in brand new condition, with original packaging and proof of purchase.\n\t•   Returns must be initiated within 30 days of the original order date.\n\t•   Customer is responsible for return shipping cost.\n RX Returns\/Exchanges:\n\t•   Returns must be in brand new condition, with original packaging and proof of purchase.\n\t•   Returns must be postmarked for return within 7 days of the original delivery to you.\n\t•   Please understand that your prescription lenses are custom made just for you so a $40 re-stocking fee will be\n                   deducted from your refund to cover associated costs.\n\t•   Customer is responsible for return shipping cost."}},"1590870860803":{"type":"question-answer","settings":{"question":"What is Shopi. warranty policy?","answer":""}},"1590870872323":{"type":"question-answer","settings":{"question":"Can I visit your shop?","answer":""}}},"block_order":["1590869681103","1590870817811","1590870860803","1590870872323"],"settings":{"showfaq":"show","title":"QUESTION"}},"faq-section-2":{"type":"faq-section-2","blocks":{"1590870277570":{"type":"question-answer","settings":{"question":"I made a mistake. Can I change my order?","answer":"Answer"}},"1590870907583":{"type":"question-answer","settings":{"question":"Can I place a custom order?","answer":""}},"1590870930310":{"type":"question-answer","settings":{"question":"How do I purchase a gift card?","answer":""}},"1590870934047":{"type":"question-answer","settings":{"question":"What payment methods do you accept?","answer":""}},"1590870952842":{"type":"question-answer","settings":{"question":"I've lost my gift card, can I get a replacement?","answer":""}},"1590870957115":{"type":"question-answer","settings":{"question":"Do you have any discount codes available?","answer":""}},"1590870968543":{"type":"question-answer","settings":{"question":"I never received a confirmation email. What should I do?","answer":""}},"1590870984512":{"type":"question-answer","settings":{"question":"Can I use more than one promotional code on my order?","answer":""}}},"block_order":["1590870277570","1590870907583","1590870930310","1590870934047","1590870952842","1590870957115","1590870968543","1590870984512"],"settings":{"showfaq":"show","title":"PAYMENTS"}},"top-image-heading-faq":{"type":"top-image-heading-faq","settings":{"show_about_top_image":"show","top-image":"shopify:\/\/shop_images\/Background_9e7eb6f1-a56b-4af0-b014-d7b7d779084f.png","top-heading":"FAQs"}},"faq-section-3":{"type":"faq-section-3","blocks":{"1590870999959":{"type":"question-answer","settings":{"question":"How long will it take to receive my order?","answer":""}},"1590871012982":{"type":"question-answer","settings":{"question":"How do I know if my order has shipped? Can I track it?","answer":""}},"1590871031414":{"type":"question-answer","settings":{"question":"How much does shipping cost?","answer":""}},"1590871048960":{"type":"question-answer","settings":{"question":"Do you offer expedited shipping or order processing?","answer":""}},"1590871060470":{"type":"question-answer","settings":{"question":"Who pays for international import taxes?","answer":""}}},"block_order":["1590870999959","1590871012982","1590871031414","1590871048960","1590871060470"],"settings":{"showfaq":"show","title":"SHIPPING"}},"faq-section-4":{"type":"faq-section-4","blocks":{"1590871096177":{"type":"question-answer","settings":{"question":"What is Shopi. Warranty Policy?","answer":""}},"1590871107718":{"type":"question-answer","settings":{"question":"I'm having an issue with my Shwood glasses. What do I do?","answer":""}}},"block_order":["1590871096177","1590871107718"],"settings":{"showfaq":"show","title":"WARRANTY"}},"blog-section":{"type":"blog-section","settings":{"layout":"regular","no_articles":"5","show_blog_side_listing":true,"blog_side_listing_title":"Bestsellers","blog_side_listing":"all"}},"top-image-heading-blog":{"type":"top-image-heading-blog","settings":{"show_about_top_image":"show","top-image":"shopify:\/\/shop_images\/Untitled_design_-_2020-06-12T212448.852_b51802a3-b935-426b-837b-d7836f1f23f9.png","top-heading":"BLOGS"}},"1591214382574":{"type":"ad-banner","blocks":{"1591214382574-0":{"type":"image","settings":{"image":"shopify:\/\/shop_images\/Untitled_design_-_2020-06-03T223005.597.png","link_text":"Lookbook","link_subtext":"MEN COLLECTION 2020","link":""}},"1591214382574-1":{"type":"image","settings":{"image":"shopify:\/\/shop_images\/StockSnap_TDP31WN0WB.png","link_text":"WOMEN COLLECTION 2020","link_subtext":"","link":""}}},"block_order":["1591214382574-0","1591214382574-1"],"settings":{"top-margin":0,"bottom-margin":70,"feature_advert_design":"feature-advert2"}},"product-page":{"type":"product-page","settings":{"show_third_tab":true,"third_tab_title":"Additional Information","third_tab_text":"You can use this tab for adding shipping details, return policies and information or measurements etc.\n\nLorem ipsum dolor sit amet, consectetuer adipiscing elit, sed diam nonummy nibh euismod tincidunt ut laoreet dolore magna aliquam erat volutpat. Ut wisi enim ad minim veniam, quis nostrud exerci tation ullamcorper suscipit lobortis nisl ut aliquip ex ea commodo consequat. Duis autem vel eum iriure dolor in hendrerit in vulputate velit esse molestie consequat, vel illum dolore eu feugiat nulla facilisis at vero eros et accumsan et iusto odio dignissim qui blandit praesent luptatum zzril delenit augue duis dolore te feugait nulla facilisi. Nam liber tempor cum soluta nobis eleifend option congue nihil imperdiet doming id quod mazim placerat facer possim assum. Typi","product_vertical_related":true,"product_quantity_enable":true,"product_quantity_message":true,"product_vendor_enable":true,"product_show_saved_amount":true,"product_show_compare_at_price":false,"related_products_enable":true,"product_reviews_enable":true}},"map":{"type":"map","settings":{"show_map":true,"map_code":"<iframe src=\"https:\/\/www.google.com\/maps\/embed?pb=!1m18!1m12!1m3!1d2950.6822073234102!2d-83.71685604946924!3d42.30664594636449!2m3!1f0!2f0!3f0!3m2!1i1024!2i768!4f13.1!3m3!1m2!1s0x883cac2c20114b69%3A0x96fe590afa21efb6!2s2300+Traverwood+Dr%2C+Ann+Arbor%2C+MI+48105!5e0!3m2!1sen!2s!4v1461260551915\" width=\"100%\" height=\"503\" frameborder=\"0\" style=\"border:0\" allowfullscreen=\"\"><\/iframe>"}},"Announcement-Bar":{"type":"Announcement-Bar","settings":{}},"cart":{"type":"cart","settings":{}}},"content_for_index":["1480267833382","1503231244573","1590521198304","1514553331574","1590601101326","1591214382574","1507203403431","1580801102810"]},"presets":{}}