[{"name":"theme_info","theme_name":"Thalia","theme_author":"aThemes","theme_version":"1.0.0","theme_documentation_url":"https:\/\/help.shopify.com\/manual\/using-themes\/sections","theme_support_url":"https:\/\/support.shopify.com\/"},{"name":"Typography","settings":[{"type":"header","content":"Base styles"},{"type":"font_picker","id":"type_body_font","default":"assistant_n4","label":"Body font"},{"type":"header","content":"Heading styles"},{"type":"font_picker","id":"type_header_font","default":"assistant_n4","label":"Heading font"}]},{"name":"General Settings","settings":[{"type":"header","content":"Favicon"},{"type":"checkbox","id":"favicon_enable","label":"Use a custom icon"},{"type":"image","id":"favicon.png","label":"Custom favicon","info":"16 x 16px .png required"},{"type":"text","id":"img_size_product","label":"Image size on product page","default":"800x926","info":"Size given in pixels"},{"type":"text","id":"img_size_grid","label":"Image size on product grid","default":"800x847","info":"Size given in pixels"},{"type":"text","id":"product_new_time","label":"Days to list products as New","default":"7","info":"Used for showing New label"},{"type":"checkbox","id":"product_grid_img_carousel","label":"Slide All images in product grid?","default":true,"info":"Used for Product grid carousel enable\/disable"},{"type":"checkbox","id":"fixed_search_bar_enable","label":"Fixed Search Bar","default":false,"info":"Displayed at the bottom of the page"}]},{"name":"Color","settings":[{"type":"header","content":"Skin Colors"},{"type":"color","id":"color_skin","label":"Color Skin","default":"#98ab3f"},{"type":"header","content":"Header Colors"},{"type":"color","id":"color_top_header","label":"Top Header Background Color","default":"#fff"},{"type":"color","id":"color_top_header_label","label":"Top Header Text Color","default":"#fff"},{"type":"color","id":"color_bottom_header","label":"Bottom Header Background Color","default":"#fff"},{"type":"color","id":"color_bottom_header_label","label":"Bottom Header Text Color","default":"#fff"},{"type":"color","id":"color_center_header","label":"Header Background Color","default":"#e8ebef"},{"type":"color","id":"color_menu_links","label":"Color Menu Links","default":"#252525"},{"type":"header","content":"Footer Colors"},{"type":"color","id":"color_footer","label":"Footer Background Color","default":"#f0f0f0"},{"type":"color","id":"color_footer_heading","label":"Footer Headings Color","default":"#222222"},{"type":"color","id":"color_footer_links","label":"Footer Links Color","default":"#666666"},{"type":"color","id":"color_social_links","label":"Social Links Color","default":"#888888"},{"type":"color","id":"color_footer_text","label":"Footer Text Color","default":"#555555"},{"type":"header","content":"Other Colors"},{"type":"color","id":"color_countdown","label":"Countdown Background Color","default":"transparent"},{"type":"color","id":"color_countdown_text","label":"Countdown Text Color","default":"#555555"}]},{"name":"Collection page","settings":[{"type":"text","id":"product_count_per_page","label":"Number of products to show","default":"12"},{"type":"checkbox","id":"show_collection_top_image","label":"Show Top Image?","default":false},{"type":"image","id":"collection_top.jpg","label":"Top image"},{"type":"checkbox","id":"show_collection_sidebar","label":"Show Sidebar","default":true},{"type":"text","id":"category_count","label":"Categories count on sidebar","default":"5"},{"type":"radio","id":"collection_sidebar_filters","label":"Sidebar product filters","default":"tags","options":[{"value":"tags","label":"By tag"}]}]},{"name":"Cart page","settings":[{"type":"checkbox","id":"cart_notes_enable","label":"Enable order notes"},{"type":"checkbox","id":"show_cart_top_image","label":"Show Top Image?","default":false},{"type":"image","id":"cart_top.jpg","label":"Top image"},{"type":"select","id":"ajax_cart_method","label":"Cart type","options":[{"value":"page","label":"Page"}],"default":"page"}]},{"name":"Blog page","settings":[{"type":"checkbox","id":"show_blog_top_image","label":"Show Top Image?","default":false},{"type":"image","id":"blog_top.jpg","label":"Top image"},{"type":"text","id":"no_articles","label":"No of articles to show","default":"5"},{"type":"checkbox","id":"show_blog_side_listing","label":"Show Sidebar Listings","default":true},{"type":"text","id":"blog_side_listing_title","label":"Heading"},{"type":"collection","id":"blog_side_listing","label":"Collection to Show"}]},{"name":"Shipping Rates Calculator","settings":[{"type":"select","id":"shipping_calculator","label":"Show the shipping calculator?","options":[{"value":"Disabled","label":"No"},{"value":"Enabled","label":"Yes"}],"default":"Enabled"},{"type":"text","id":"shipping_calculator_heading","label":"Heading text","default":"Get shipping estimates"},{"type":"text","id":"shipping_calculator_default_country","label":"Default country selection","default":"United States"},{"type":"paragraph","content":"If your customer is logged-in, the country in his default shipping address will be selected. If you are not sure about the  spelling to use here, refer to the first checkout page."},{"type":"text","id":"shipping_calculator_submit_button_label","label":"Submit button label","default":"Calculate shipping"},{"type":"text","id":"shipping_calculator_submit_button_label_disabled","label":"Submit button label when calculating","default":"Calculating..."}]},{"name":"Newsletter Popup","settings":[{"type":"checkbox","id":"show_pupup","label":"Show Popup","default":true},{"type":"textarea","id":"popup_title","label":"Popup title","default":"newsletter"},{"type":"checkbox","id":"show_pupup_image","label":"Show Popup Background image","default":true},{"type":"image","id":"popup_img.png","label":"Popup image"},{"type":"text","id":"popup_heading","label":"Heading"},{"type":"textarea","id":"popup_description","label":"Description"},{"type":"textarea","id":"popup_btn_text","label":"Subscribe button text"},{"type":"textarea","id":"popup_no_link_text","label":"Not Interested link text"}]},{"name":"Social media","settings":[{"type":"header","content":"Accounts"},{"type":"checkbox","id":"social_sidebar_enable","label":"Show social media Sidebar icons","default":true},{"type":"text","id":"social_twitter_link","label":"Twitter","info":"https:\/\/twitter.com\/shopify"},{"type":"text","id":"social_facebook_link","label":"Facebook","info":"https:\/\/facebook.com\/shopify"},{"type":"text","id":"social_pinterest_link","label":"Pinterest","info":"https:\/\/pinterest.com\/shopify"},{"type":"text","id":"social_google_plus_link","label":"Google+","info":"https:\/\/plus.google.com\/+shopify"},{"type":"text","id":"social_instagram_link","label":"Instagram","info":"https:\/\/instagram.com\/shopify"},{"type":"text","id":"social_tumblr_link","label":"Tumblr","info":"https:\/\/www.tumblr.com"},{"type":"text","id":"social_youtube_link","label":"YouTube","info":"https:\/\/www.youtube.com\/shopify"},{"type":"text","id":"social_vimeo_link","label":"Vimeo","info":"https:\/\/vimeo.com\/shopify"},{"type":"text","id":"social_fancy_link","label":"Fancy","info":"http:\/\/fancy.com\/shopify"}]},{"name":"Price format","settings":[{"type":"checkbox","id":"show_dollar_symbol","label":"Show dollar sign"},{"type":"checkbox","id":"superscript_decimals","label":"Show cents as superscript"}]},{"name":"Currency","settings":[{"type":"paragraph","content":"To offer multiple currencies on your online store, you must first [edit your store's currency formatting](https:\/\/docs.shopify.com\/manual\/using-themes\/troubleshooting\/help-script-find-money-formats)."},{"type":"checkbox","id":"show_multiple_currencies","label":"Enable currency conversion","default":true,"info":"Even though prices are displayed in different currencies, orders will still be processed in your store's currency."},{"type":"select","id":"currency_format","label":"Format","options":[{"value":"money_format","label":"Without currency ($10.00)"},{"value":"money_with_currency_format","label":"With currency ($10.00 CAD)"}],"default":"money_format"},{"type":"text","id":"supported_currencies","label":"Supported currencies","default":"INR GBP CAD USD AUD EUR JPY","info":"Use the country's ISO [currency code](http:\/\/www.xe.com\/iso4217.php). Separate your currency codes with a space."},{"type":"text","id":"default_currency","label":"Default currency","default":"USD"}]}]